Solver,Time (s),Mean Wealth (k€),Std Wealth (k€),Sharpe Ratio,Ruin Rate
DP,4.702687200042419,149.34874069686796,209.39875960648843,-0.24188901077800146,0.02
OR-Tools,2.400018274784088e-06,53.76558354300265,448.28172931297473,-0.3262109656547694,0.765
RL,133.8897446000483,184.7867907416329,215.37959609624195,-0.07063440266783817,0.11
