Solver,Time (s),Mean Wealth,Sharpe Ratio
DP,6.961330799997086,551.8373634740539,0.8639892680562652
OR-Tools,4.5000051613897085e-06,1700.589324657104,0.9985632272195987
RL,190.55120720001287,497.69756439567465,1.6021656326212594
